{
  "img": "systems/pf2e/icons/equipment/consumables/ammunition/glue-bullet.webp",
  "name": "Dragon Bane Ammunition (Moderate)",
  "system": {
    "description": {
      "gm": "",
      "value": "<p><strong>Ammunition</strong> any</p>\n<p><strong>Activate</strong> <span class=\"pf2-icon\">1</span> Interact</p>\n<hr />\n<p>Monster hunters favor bane ammunition that contains a capsule of reagents tailored to a particular type of creature— aberration, animal, beast, dragon, fey, giant, ooze, or both fungus and plant. Each type requires a different formula. When activated bane ammunition hits a target that has a trait matching the selected type, it takes [[/r 2d6[persistent,poison]]] damage in addition to the damage the attack normally deals.</p>"
    },
    "rules": [
      {
        "key": "DamageDice",
        "selector": "strike-damage",
        "diceNumber": 2,
        "dieSize": "d6",
        "damageType": "poison",
        "category": "persistent",
        "predicate": [
          "target:trait:dragon"
        ]
      }
    ],
    "slug": "bane-ammunition-moderate",
    "_migration": {
      "version": 0.935,
      "lastMigration": null,
      "previous": {
        "schema": 0.849,
        "foundry": "12.331",
        "system": "6.9.0"
      }
    },
    "traits": {
      "otherTags": [],
      "value": [
        "alchemical",
        "consumable",
        "poison"
      ],
      "rarity": "common"
    },
    "publication": {
      "title": "Pathfinder Treasure Vault",
      "authors": "",
      "license": "OGL",
      "remaster": false
    },
    "level": {
      "value": 5
    },
    "quantity": 1,
    "baseItem": null,
    "bulk": {
      "value": 0
    },
    "hp": {
      "value": 0,
      "max": 0
    },
    "hardness": 0,
    "price": {
      "value": {
        "gp": 25
      }
    },
    "equipped": {
      "carryType": "worn"
    },
    "containerId": null,
    "size": "med",
    "material": {
      "type": null,
      "grade": null
    },
    "identification": {
      "status": "identified",
      "unidentified": {
        "name": "Unusual Ammunition",
        "img": "systems/pf2e/icons/unidentified_item_icons/ammunition.webp",
        "data": {
          "description": {
            "value": ""
          }
        }
      },
      "misidentified": {}
    },
    "category": "ammo",
    "uses": {
      "value": 1,
      "max": 1,
      "autoDestroy": true
    },
    "damage": null,
    "usage": {
      "value": "held-in-one-hand"
    },
    "stackGroup": null,
    "spell": null
  },
  "type": "consumable",
  "flags": {
    "core": {}
  },
  "effects": [],
  "folder": "QPqm8sQESppF1mIr",
  "ownership": {
    "default": 0,
    "XrqhoqBSklcIhkey": 3
  },
  "_stats": {
    "compendiumSource": "Compendium.world.pf2e-bane-and-elemental-ammunition.Item.HIh4ZFJ5m0X29WVh",
    "duplicateSource": null,
    "coreVersion": "12.331",
    "systemId": "pf2e",
    "systemVersion": "6.9.0",
    "createdTime": 1739195877991,
    "modifiedTime": 1739195877991,
    "lastModifiedBy": "XrqhoqBSklcIhkey"
  },
  "_id": "HIh4ZFJ5m0X29WVh",
  "sort": 500000,
  "_key": "!items!HIh4ZFJ5m0X29WVh"
}
