{
  "img": "systems/pf2e/icons/equipment/consumables/ammunition/climbing-bolt.webp",
  "name": "Elemental Ammunition (Fire) (Greater)",
  "system": {
    "description": {
      "gm": "",
      "value": "<p><strong>Ammunition</strong> any</p>\n<p><strong>Activate</strong> <span class=\"pf2-icon\">1</span> Interact</p>\n<hr />\n<p>When activated, the reservoir of alchemical reagents in elemental ammunition atomizes on impact, dealing [[/r 3d4[persistent,damageType,fire]]] acid, cold, electricity, fire, or poison damage to the target and [[/r (3[splash])[damageType,fire]]]{3 splash damage} in addition to the damage the attack normally deals. Each damage type requires a different formula, and the ammunition gains a trait matching the damage type.</p>"
    },
    "rules": [
      {
        "key": "DamageDice",
        "selector": "strike-damage",
        "diceNumber": 3,
        "dieSize": "d4",
        "damageType": "fire",
        "category": "persistent"
      },
      {
        "key": "FlatModifier",
        "label": "Elemental Ammunition (Persistent)",
        "selector": "damage",
        "value": 3,
        "damageType": "fire",
        "damageCategory": "persistent"
      }
    ],
    "slug": "elemental-ammunition-greater",
    "_migration": {
      "version": 0.935,
      "lastMigration": null,
      "previous": {
        "schema": 0.849,
        "foundry": "12.331",
        "system": "6.9.0"
      }
    },
    "traits": {
      "otherTags": [],
      "value": [
        "alchemical",
        "consumable",
        "splash"
      ],
      "rarity": "common"
    },
    "publication": {
      "title": "Pathfinder Treasure Vault",
      "authors": "",
      "license": "OGL",
      "remaster": false
    },
    "level": {
      "value": 11
    },
    "quantity": 1,
    "baseItem": null,
    "bulk": {
      "value": 0
    },
    "hp": {
      "value": 0,
      "max": 0
    },
    "hardness": 0,
    "price": {
      "value": {
        "gp": 210
      }
    },
    "equipped": {
      "carryType": "worn"
    },
    "containerId": null,
    "size": "med",
    "material": {
      "type": null,
      "grade": null
    },
    "identification": {
      "status": "identified",
      "unidentified": {
        "name": "Unusual Ammunition",
        "img": "systems/pf2e/icons/unidentified_item_icons/ammunition.webp",
        "data": {
          "description": {
            "value": ""
          }
        }
      },
      "misidentified": {}
    },
    "category": "ammo",
    "uses": {
      "value": 1,
      "max": 1,
      "autoDestroy": true
    },
    "damage": null,
    "usage": {
      "value": "held-in-one-hand"
    },
    "stackGroup": null,
    "spell": null
  },
  "type": "consumable",
  "flags": {
    "core": {}
  },
  "effects": [],
  "folder": "Mog0ZCyx2THLP0zj",
  "ownership": {
    "default": 0,
    "XrqhoqBSklcIhkey": 3
  },
  "_stats": {
    "compendiumSource": "Compendium.world.pf2e-bane-and-elemental-ammunition.Item.ejSoevzesweaxTco",
    "duplicateSource": null,
    "coreVersion": "12.331",
    "systemId": "pf2e",
    "systemVersion": "6.9.0",
    "createdTime": 1739195879297,
    "modifiedTime": 1739195879297,
    "lastModifiedBy": "XrqhoqBSklcIhkey"
  },
  "_id": "ejSoevzesweaxTco",
  "sort": 200000,
  "_key": "!items!ejSoevzesweaxTco"
}
