{
  "name": "Elemental Ammunition",
  "sorting": "m",
  "folder": null,
  "type": "Item",
  "_id": "GHcS50ooo7qspYiW",
  "sort": 100000,
  "color": null,
  "flags": {},
  "_stats": {
    "compendiumSource": null,
    "duplicateSource": null,
    "coreVersion": "12.331",
    "systemId": "pf2e",
    "systemVersion": "6.9.0",
    "createdTime": 1739195879281,
    "modifiedTime": 1739195879281,
    "lastModifiedBy": "XrqhoqBSklcIhkey"
  },
  "description": "",
  "_key": "!folders!GHcS50ooo7qspYiW"
}
